,Parameter Name,Site_keys,LU,ppm
0,Sulfur dioxide,[ 32.42847  -86.443585],"{'Cropland and pasture': 0.7246376811594203, 'Orchards, groves, vineyards, nurseries..': 0.2753623188405797}",0.003996881
1,Sulfur dioxide,[ 34.720368 -87.819755],"{'Cropland and pasture': 0.69, 'Mixed forest land': 0.31}",0.004988014
2,Sulfur dioxide,[ 34.772033 -87.901423],"{'Cropland and pasture': 0.53, 'Mixed forest land': 0.47}",0.010112304
3,Sulfur dioxide,[ 34.716757 -87.881701],{'Cropland and pasture': 1.0},0.00290529
4,Sulfur dioxide,[ 34.689813 -87.849756],"{'Cropland and pasture': 0.33, 'Mixed forest land': 0.67}",0.013407364
5,Sulfur dioxide,[ 34.735368 -87.875312],{'Cropland and pasture': 1.0},0.0059993830000000005
6,Sulfur dioxide,[ 34.856748 -85.73525 ],"{'Deciduous forest land': 0.6289308176100629, 'Cropland and pasture': 0.3710691823899371}",0.008465641999999999
7,Sulfur dioxide,[ 34.912302 -85.664136],{'Mixed forest land': 1.0},0.004579016
8,Sulfur dioxide,[ 34.855637 -85.747473],"{'Deciduous forest land': 0.6060606060606061, 'Cropland and pasture': 0.3939393939393939}",0.008110175
9,Sulfur dioxide,[ 34.877025 -85.720805],"{'Deciduous forest land': 0.67, 'Evergreen forest land': 0.33}",0.005936436000000001
10,Sulfur dioxide,[ 34.867859 -85.721361],"{'Deciduous forest land': 0.6496350364963503, 'Cropland and pasture': 0.3284671532846715, 'Evergreen forest land': 0.021897810218978103}",0.006029389
11,Sulfur dioxide,[ 34.938969 -85.66108 ],"{'Deciduous forest land': 0.82, 'Cropland and pasture': 0.18}",0.004710949
12,Sulfur dioxide,[ 34.959804 -85.775529],{'Mixed forest land': 1.0},0.006157106
13,Sulfur dioxide,[ 34.842582 -85.820531],"{'Cropland and pasture': 0.99, 'Lakes': 0.01}",0.0056818910000000005
14,Sulfur dioxide,[ 34.918414 -85.733861],"{'Cropland and pasture': 0.67, 'Mixed forest land': 0.33}",0.009148807000000002
15,Sulfur dioxide,[ 34.872581 -85.743028],"{'Cropland and pasture': 0.32, 'Deciduous forest land': 0.68}",0.005878670999999999
16,Sulfur dioxide,[ 34.818971 -85.77164 ],"{'Deciduous forest land': 0.6622516556291391, 'Cropland and pasture': 0.33774834437086093}",0.005951795
17,Sulfur dioxide,[ 34.845082 -85.749695],{'Deciduous forest land': 1.0},0.008749404
18,Sulfur dioxide,[ 34.858692 -85.722472],"{'Deciduous forest land': 0.7692307692307693, 'Cropland and pasture': 0.23076923076923078}",0.007966906
19,Sulfur dioxide,[ 34.891474 -86.093316],"{'Deciduous forest land': 0.5988023952095808, 'Cropland and pasture': 0.40119760479041916}",0.006622013
20,Sulfur dioxide,[ 34.786755 -87.782531],{'Cropland and pasture': 1.0},0.007140837
21,Sulfur dioxide,[ 34.793422 -87.8492  ],"{'Cropland and pasture': 0.9090909090909091, 'Mixed forest land': 0.09090909090909091}",0.005326593
22,Sulfur dioxide,[ 34.770367 -87.835866],"{'Cropland and pasture': 0.32, 'Mixed forest land': 0.68}",0.009693607
23,Sulfur dioxide,[ 34.759533 -87.774475],{'Cropland and pasture': 1.0},0.007032993
24,Sulfur dioxide,[ 30.720245 -88.058948],"{'Industrial': 0.35, 'Transportation, communications and services': 0.07, 'Mixed forest land': 0.58}",0.009829716000000002
25,Sulfur dioxide,[ 30.541055 -88.123642],"{'Industrial': 0.22935779816513763, 'Mixed forest land': 0.7706422018348624}",0.0067660409999999995
26,Sulfur dioxide,[ 30.958515 -88.028332],"{'Residential': 0.10714285714285714, 'Mixed forest land': 0.8928571428571429}",0.01233023
27,Sulfur dioxide,[ 34.619814 -86.997509],"{'Commercial and Services': 0.17, 'Residential': 0.36, 'Industrial': 0.05, 'Other urban or built-up land': 0.2, 'Reservoirs': 0.22}",0.00711716
0,Sulfur dioxide,[  31.364722 -109.594444],"{'Commercial and Services': 0.05555555555555555, 'Shrub-brushland rangeland': 0.6851851851851852, 'Transportation, communications and services': 0.10185185185185185, 'Mixed rangeland': 0.08333333333333333, 'Residential': 0.07407407407407407}",0.012756833
1,Sulfur dioxide,[  31.365556 -109.583611],"{'Shrub-brushland rangeland': 0.9611650485436893, 'Mixed rangeland': 0.009708737864077669, 'Other agricultural land': 0.02912621359223301}",0.014479282
2,Sulfur dioxide,[  33.41     -110.846944],"{'Commercial and Services': 0.0861244019138756, 'Shrub-brushland rangeland': 0.4784688995215311, 'Residential': 0.4354066985645933}",0.000555892
3,Sulfur dioxide,[  33.419167 -110.826111],"{'Shrub-brushland rangeland': 0.8620689655172413, 'Other urban or built-up land': 0.12931034482758622, 'Residential': 0.008620689655172414}",0.00156396
4,Sulfur dioxide,[  33.404722 -110.817222],"{'Shrub-brushland rangeland': 0.819672131147541, 'Residential': 0.18032786885245902}",0.008538499
5,Sulfur dioxide,[  33.028676 -110.809551],{'Shrub-brushland rangeland': 1.0},0.012127529
6,Sulfur dioxide,[  33.006179 -110.785797],"{'Shrub-brushland rangeland': 0.25, 'Industrial': 0.09, 'Residential': 0.66}",0.01605271
7,Sulfur dioxide,[  33.385278 -110.866389],{'Shrub-brushland rangeland': 1.0},0.037578638
8,Sulfur dioxide,[  33.089507 -109.287571],{'Shrub-brushland rangeland': 1.0},0.032960675
9,Sulfur dioxide,[  33.010278 -109.363889],"{'Shrub-brushland rangeland': 0.7575757575757576, 'Industrial': 0.24242424242424243}",0.028544566
10,Sulfur dioxide,[  33.45793 -112.04601],"{'Commercial and Services': 0.16379310344827586, 'Residential': 0.8362068965517241}",0.012564953
11,Sulfur dioxide,[  32.233409 -110.753417],{'Shrub-brushland rangeland': 1.0},0.005447339000000001
12,Sulfur dioxide,[  32.204411 -110.878067],"{'Commercial and Services': 0.19491525423728814, 'Residential': 0.8050847457627118}",0.003065466
13,Sulfur dioxide,[  32.382036 -112.857453],"{'Shrub-brushland rangeland': 0.5181347150259067, 'Industrial': 0.17098445595854922, 'Residential': 0.31088082901554404}",0.006377234
14,Sulfur dioxide,[  32.598611 -110.633611],"{'Commercial and Services': 0.25903614457831325, 'Shrub-brushland rangeland': 0.6024096385542169, 'Other urban or built-up land': 0.012048192771084338, 'Residential': 0.12650602409638553}",0.005551085
0,Sulfur dioxide,[  37.886869 -122.027462],"{'Residential': 0.97, 'Evergreen forest land': 0.03}",0.0050155320000000005
1,Sulfur dioxide,[  37.936013 -122.026154],"{'Commercial and Services': 0.6, 'Residential': 0.4}",0.005027195999999999
2,Sulfur dioxide,[  37.949924 -122.357193],"{'Commercial and Services': 0.0196078431372549, 'Residential': 0.6176470588235294, 'Industrial': 0.3627450980392157}",0.005732937
3,Sulfur dioxide,[  37.957424 -122.370249],"{'Commercial and Services': 0.14, 'Residential': 0.5, 'Industrial': 0.36}",0.004629874
4,Sulfur dioxide,[  37.926162 -122.385561],"{'Commercial and Services': 0.11, 'Residential': 0.79, 'Bays and estuaries': 0.02, 'Mixed rangeland': 0.01, 'Industrial': 0.07}",0.007949617999999999
5,Sulfur dioxide,[  37.948172 -122.364852],"{'Residential': 0.29, 'Industrial': 0.71}",0.005737005
6,Sulfur dioxide,[  38.029258 -121.896866],"{'Residential': 0.17, 'Industrial': 0.46, 'Other urban or built-up land': 0.25, 'Nonforested wetland': 0.12}",0.0058048465
7,Sulfur dioxide,[  38.05492  -122.233229],"{'Industrial': 0.04, 'Herbaceous Rangeland': 0.26, 'Residential': 0.23, 'Bays and estuaries': 0.09, 'Transportation, communications and services': 0.11, 'Evergreen forest land': 0.27}",0.0034689660000000004
8,Sulfur dioxide,[  38.012816 -122.134467],"{'Commercial and Services': 0.25, 'Residential': 0.59, 'Evergreen forest land': 0.16}",0.008807256666666666
9,Sulfur dioxide,[  38.916575 -120.001015],"{'Commercial and Services': 0.75, 'Residential': 0.25}",0.007274144000000001
10,Sulfur dioxide,[  36.725228 -119.751254],"{'Commercial and Services': 0.46, 'Residential': 0.23, 'Industrial': 0.12, 'Cropland and pasture': 0.19}",0.0093680675
11,Sulfur dioxide,[  35.374959 -119.022602],"{'Commercial and Services': 0.96, 'Herbaceous Rangeland': 0.04}",0.0032677635
12,Sulfur dioxide,[  35.431068 -119.021767],"{'Residential': 0.6, 'Transitional areas': 0.16, 'Strip mines, quarries and gravel pits': 0.24}",0.01584527
13,Sulfur dioxide,[  35.434679 -119.013434],"{'Commercial and Services': 0.06542056074766354, 'Residential': 0.719626168224299, 'Industrial': 0.102803738317757, 'Transitional areas': 0.11214953271028037}",0.007621991500000001
14,Sulfur dioxide,[  33.92899 -118.21071],"{'Commercial and Services': 0.57, 'Residential': 0.43}",0.009384584499999998
15,Sulfur dioxide,[  33.923625 -118.02562 ],"{'Commercial and Services': 0.1452991452991453, 'Residential': 0.8034188034188035, 'Other urban or built-up land': 0.05128205128205128}",0.0094930885
16,Sulfur dioxide,[  33.82376 -118.18921],"{'Commercial and Services': 0.23, 'Residential': 0.44, 'Industrial': 0.27, 'Transportation, communications and services': 0.06}",0.003402299
17,Sulfur dioxide,[  33.930292 -118.369798],"{'Commercial and Services': 0.03, 'Residential': 0.74, 'Industrial': 0.09, 'Transportation, communications and services': 0.14}",0.0044927255
18,Sulfur dioxide,[  34.1365  -117.92391],"{'Strip mines, quarries and gravel pits': 0.39, 'Industrial': 0.61}",0.005211421000000001
19,Sulfur dioxide,[  34.14435 -117.85036],"{'Commercial and Services': 0.11504424778761062, 'Residential': 0.8849557522123894}",0.0067374520000000005
20,Sulfur dioxide,[  34.06703 -117.7514 ],"{'Commercial and Services': 0.41, 'Residential': 0.59}",0.006250513
21,Sulfur dioxide,[  34.17605 -118.31712],"{'Commercial and Services': 0.18, 'Residential': 0.13, 'Industrial': 0.19, 'Transportation, communications and services': 0.5}",0.012752518000000001
22,Sulfur dioxide,[  34.149451 -118.124515],"{'Commercial and Services': 0.6581196581196581, 'Residential': 0.28205128205128205, 'Transportation, communications and services': 0.05982905982905983}",0.004080692
23,Sulfur dioxide,[  34.06659 -118.22688],"{'Commercial and Services': 0.015789473684210527, 'Industrial': 0.45789473684210524, 'Transportation, communications and services': 0.5263157894736842}",0.0032674155
24,Sulfur dioxide,[  34.058345 -118.250907],"{'Commercial and Services': 0.3602150537634409, 'Residential': 0.03225806451612903, 'Other urban or built-up land': 0.043010752688172046, 'Transportation, communications and services': 0.5376344086021505, 'Mixed urban or built-up land': 0.026881720430107527}",0.0048701529999999995
25,Sulfur dioxide,[  34.051399 -118.3848  ],"{'Commercial and Services': 0.135, 'Residential': 0.365, 'Transportation, communications and services': 0.5}",0.0040562705
26,Sulfur dioxide,[  34.19925 -118.53276],"{'Commercial and Services': 0.4152046783625731, 'Residential': 0.5847953216374269}",0.0052075235
27,Sulfur dioxide,[  34.386109 -118.532586],"{'Commercial and Services': 0.26, 'Residential': 0.6, 'Cropland and pasture': 0.14}",0.004459093
28,Sulfur dioxide,[  34.01407 -118.06056],"{'Commercial and Services': 0.12, 'Residential': 0.43, 'Other urban or built-up land': 0.38, 'Transportation, communications and services': 0.07}",0.005166380999999999
29,Sulfur dioxide,[  36.697181 -121.633556],"{'Commercial and Services': 0.3271604938271605, 'Residential': 0.05555555555555555, 'Cropland and pasture': 0.6172839506172839}",0.0058208555
30,Sulfur dioxide,[  38.310942 -122.296189],"{'Commercial and Services': 0.2, 'Residential': 0.8}",0.0051516504999999995
31,Sulfur dioxide,[  33.821353 -117.91427 ],"{'Commercial and Services': 0.1864406779661017, 'Residential': 0.6610169491525424, 'Other urban or built-up land': 0.09322033898305085, 'Transportation, communications and services': 0.059322033898305086}",0.0007902539999999999
32,Sulfur dioxide,[  33.656131 -117.930613],"{'Commercial and Services': 0.2169811320754717, 'Residential': 0.7264150943396226, 'Other urban or built-up land': 0.05660377358490566}",0.002456584
33,Sulfur dioxide,[  33.92513 -117.95264],"{'Commercial and Services': 0.05263157894736842, 'Residential': 0.868421052631579, 'Other urban or built-up land': 0.07894736842105263}",0.004882226999999999
34,Sulfur dioxide,[  33.750573 -117.870333],"{'Commercial and Services': 0.89, 'Residential': 0.11}",0.001276895
35,Sulfur dioxide,[  33.795849 -118.03284 ],"{'Commercial and Services': 0.07920792079207921, 'Residential': 0.45544554455445546, 'Other urban or built-up land': 0.46534653465346537}",0.0004726220000000001
36,Sulfur dioxide,[  33.85275 -116.54101],"{'Shrub-brushland rangeland': 0.5, 'Other urban or built-up land': 0.01, 'Residential': 0.4, 'Mixed urban or built-up land': 0.09}",0.000111421
37,Sulfur dioxide,[  33.94603 -117.40063],"{'Commercial and Services': 0.46, 'Residential': 0.53, 'Transportation, communications and services': 0.01}",9.3365e-05
38,Sulfur dioxide,[  33.99958 -117.41601],"{'Commercial and Services': 0.30434782608695654, 'Residential': 0.6521739130434783, 'Orchards, groves, vineyards, nurseries..': 0.043478260869565216}",0.000190453
39,Sulfur dioxide,[  38.667126 -121.251338],"{'Commercial and Services': 0.25, 'Residential': 0.36, 'Cropland and pasture': 0.13, 'Transportation, communications and services': 0.17, 'Mixed urban or built-up land': 0.09}",0.001053901
40,Sulfur dioxide,[  38.71209 -121.38109],"{'Commercial and Services': 0.04242424242424243, 'Residential': 0.13333333333333333, 'Other urban or built-up land': 0.21818181818181817, 'Cropland and pasture': 0.6060606060606061}",0.00034873099999999997
41,Sulfur dioxide,[  38.585183 -121.494677],"{'Commercial and Services': 0.58, 'Mixed urban or built-up land': 0.21, 'Industrial': 0.21}",0.002051546
42,Sulfur dioxide,[  38.613779 -121.368014],"{'Commercial and Services': 0.11504424778761062, 'Residential': 0.8849557522123894}",0.004245695
43,Sulfur dioxide,[  34.10374 -117.62914],"{'Commercial and Services': 0.05660377358490566, 'Residential': 0.7452830188679245, 'Other urban or built-up land': 0.19811320754716982}",0.001446117
44,Sulfur dioxide,[  34.106122 -117.481994],"{'Commercial and Services': 0.1092436974789916, 'Residential': 0.6050420168067226, 'Other urban or built-up land': 0.1092436974789916, 'Orchards, groves, vineyards, nurseries..': 0.17647058823529413}",0.00070443
45,Sulfur dioxide,[  34.102234 -117.286709],"{'Commercial and Services': 0.39, 'Residential': 0.3, 'Industrial': 0.21, 'Other urban or built-up land': 0.1}",0.011372499
46,Sulfur dioxide,[  35.759954 -117.374779],"{'Mixed barren land': 0.22, 'Shrub-brushland rangeland': 0.5, 'Dry salt flats': 0.085, 'Residential': 0.045, 'Industrial': 0.15}",0.016471285999999998
47,Sulfur dioxide,[  32.79394  -116.961138],"{'Commercial and Services': 0.47, 'Residential': 0.52, 'Industrial': 0.01}",0.020954475
48,Sulfur dioxide,[  32.631231 -117.059075],"{'Commercial and Services': 0.18032786885245902, 'Residential': 0.4057377049180328, 'Transportation, communications and services': 0.4098360655737705, 'Transitional areas': 0.004098360655737705}",0.0
49,Sulfur dioxide,[  32.836461 -117.128752],"{'Shrub-brushland rangeland': 0.40594059405940597, 'Industrial': 0.4752475247524752, 'Other urban or built-up land': 0.019801980198019802, 'Transitional areas': 0.09900990099009901}",0.001864754
50,Sulfur dioxide,[  32.727273 -117.154477],"{'Commercial and Services': 0.17834394904458598, 'Residential': 0.025477707006369428, 'Other urban or built-up land': 0.1910828025477707, 'Transportation, communications and services': 0.6050955414012739}",0.00128575
51,Sulfur dioxide,[  33.127711 -117.075325],"{'Commercial and Services': 0.46, 'Residential': 0.54}",7.9329e-05
52,Sulfur dioxide,[  33.196703 -117.346704],"{'Commercial and Services': 0.21, 'Shrub-brushland rangeland': 0.25, 'Residential': 0.54}",0.0026852309999999997
53,Sulfur dioxide,[  37.784  -122.4216],"{'Commercial and Services': 0.86, 'Residential': 0.13, 'Other urban or built-up land': 0.01}",0.000999495
54,Sulfur dioxide,[  37.75493  -122.388026],"{'Industrial': 0.62, 'Transportation, communications and services': 0.38}",0.001924319
55,Sulfur dioxide,[  37.84826  -121.446892],{'Cropland and pasture': 1.0},0.000612726
56,Sulfur dioxide,[  37.950741 -121.268523],"{'Commercial and Services': 0.1, 'Residential': 0.68, 'Other urban or built-up land': 0.12, 'Mixed urban or built-up land': 0.1}",0.000273893
57,Sulfur dioxide,[  35.12692 -120.58267],"{'Commercial and Services': 0.33, 'Residential': 0.09, 'Herbaceous Rangeland': 0.51, 'Transportation, communications and services': 0.07}",0.001795498
58,Sulfur dioxide,[  35.283864 -120.655171],"{'Commercial and Services': 0.53, 'Residential': 0.47}",0.0006400360000000001
59,Sulfur dioxide,[  35.041644 -120.501   ],"{'Residential': 0.4, 'Evergreen forest land': 0.5714285714285714, 'Shrub-brushland rangeland': 0.02857142857142857}",0.001840836
60,Sulfur dioxide,[  35.633303 -120.692671],"{'Commercial and Services': 0.05660377358490566, 'Residential': 0.9339622641509434, 'Orchards, groves, vineyards, nurseries..': 0.009433962264150943}",0.002068886
61,Sulfur dioxide,[  34.419997 -119.70069 ],"{'Commercial and Services': 0.78, 'Residential': 0.22}",0.001576838
62,Sulfur dioxide,[  34.445275 -119.795139],"{'Commercial and Services': 0.04, 'Residential': 0.87, 'Other urban or built-up land': 0.06, 'Orchards, groves, vineyards, nurseries..': 0.03}",0.0037263459999999997
63,Sulfur dioxide,[  34.513601 -120.006531],{'Shrub-brushland rangeland': 1.0},4.738e-05
64,Sulfur dioxide,[  34.514708 -120.417661],"{'Herbaceous Rangeland': 0.5217391304347826, 'Evergreen forest land': 0.4782608695652174}",0.0032257235000000004
65,Sulfur dioxide,[  34.46245 -120.02551],"{'Null area -- no land use assigned': 0.45, 'Other urban or built-up land': 0.49, 'Herbaceous Rangeland': 0.06}",0.003551775
66,Sulfur dioxide,[  34.83748  -120.432107],{'Industrial': 1.0},0.001286389
67,Sulfur dioxide,[  34.87213  -120.377554],"{'Residential': 0.45, 'Cropland and pasture': 0.32, 'Transitional areas': 0.23}",0.0010497664999999999
68,Sulfur dioxide,[  34.958311 -120.430164],"{'Commercial and Services': 0.2, 'Residential': 0.79, 'Other urban or built-up land': 0.01}",0.0003609705
69,Sulfur dioxide,[  38.052142 -122.145799],"{'Commercial and Services': 0.08928571428571429, 'Residential': 0.6607142857142857, 'Transportation, communications and services': 0.23214285714285715, 'Lakes': 0.017857142857142856}",0.0
70,Sulfur dioxide,[  38.102507 -122.237976],"{'Commercial and Services': 0.37, 'Residential': 0.63}",0.0
71,Sulfur dioxide,[  38.442412 -122.713598],"{'Commercial and Services': 0.8888888888888888, 'Residential': 0.07407407407407407, 'Other urban or built-up land': 0.037037037037037035}",0.0007436939999999999
72,Sulfur dioxide,[  37.640763 -120.999378],"{'Commercial and Services': 0.97, 'Industrial': 0.01, 'Transportation, communications and services': 0.02}",0.004766826
73,Sulfur dioxide,[  36.332179 -119.291228],"{'Commercial and Services': 0.91, 'Residential': 0.09}",0.000906483
74,Sulfur dioxide,[  34.278058 -118.685924],"{'Commercial and Services': 0.3, 'Residential': 0.09, 'Other urban or built-up land': 0.01, 'Cropland and pasture': 0.6}",0.0030967740000000005
75,Sulfur dioxide,[  34.252378 -119.143176],"{'Commercial and Services': 0.15, 'Cropland and pasture': 0.16, 'Orchards, groves, vineyards, nurseries..': 0.69}",0.000355709
0,Sulfur dioxide,[ 41.180375 -73.19289 ],"{'Commercial and Services': 0.58, 'Residential': 0.28, 'Transportation, communications and services': 0.14}",0.010997203
1,Sulfur dioxide,[ 41.186764 -73.175945],"{'Residential': 0.56, 'Bays and estuaries': 0.01, 'Industrial': 0.43}",0.0107321
2,Sulfur dioxide,[ 41.399167 -73.443056],"{'Commercial and Services': 0.46, 'Residential': 0.46, 'Other urban or built-up land': 0.01, 'Transportation, communications and services': 0.07}",0.008777716999999999
3,Sulfur dioxide,[ 41.079541 -73.704852],"{'Deciduous forest land': 0.5423728813559322, 'Other urban or built-up land': 0.11864406779661017, 'Cropland and pasture': 0.1864406779661017, 'Residential': 0.025423728813559324, 'Transportation, communications and services': 0.1271186440677966}",0.014536788
4,Sulfur dioxide,[ 41.059541 -73.537067],"{'Commercial and Services': 0.69, 'Residential': 0.31}",0.012098568999999998
5,Sulfur dioxide,[ 41.998707 -72.571754],"{'Commercial and Services': 0.3411764705882353, 'Residential': 0.3764705882352941, 'Other urban or built-up land': 0.25882352941176473, 'Cropland and pasture': 0.011764705882352941, 'Mixed forest land': 0.011764705882352941}",0.0132512
6,Sulfur dioxide,[ 41.761211 -72.678426],"{'Commercial and Services': 0.9, 'Residential': 0.07, 'Other urban or built-up land': 0.03}",0.009612899999999999
7,Sulfur dioxide,[ 41.667599 -72.788986],"{'Residential': 0.5307692307692308, 'Industrial': 0.23846153846153847, 'Other urban or built-up land': 0.23076923076923078}",0.008341901
8,Sulfur dioxide,[ 41.310833 -72.916944],"{'Mixed urban or built-up land': 0.5904761904761905, 'Industrial': 0.047619047619047616, 'Transportation, communications and services': 0.24761904761904763, 'Residential': 0.11428571428571428}",0.0072395190000000016
9,Sulfur dioxide,[ 41.550556 -73.043611],"{'Commercial and Services': 0.31, 'Residential': 0.06, 'Industrial': 0.42, 'Other urban or built-up land': 0.1, 'Transportation, communications and services': 0.11}",0.014509371
10,Sulfur dioxide,[ 41.202875 -73.102053],"{'Commercial and Services': 0.33, 'Residential': 0.65, 'Streams and canals': 0.02}",0.004592151
0,Sulfur dioxide,[ 39.154722 -75.529444],"{'Commercial and Services': 0.07, 'Residential': 0.51, 'Cropland and pasture': 0.42}",0.001658404
1,Sulfur dioxide,[ 39.670945 -75.746879],"{'Commercial and Services': 0.3, 'Residential': 0.16, 'Cropland and pasture': 0.54}",0.004153403
2,Sulfur dioxide,[ 39.574834 -75.618261],"{'Cropland and pasture': 0.66, 'Nonforested wetland': 0.34}",0.006133912000000001
3,Sulfur dioxide,[ 39.761111 -75.491944],"{'Commercial and Services': 0.24, 'Residential': 0.3, 'Bays and estuaries': 0.04, 'Nonforested wetland': 0.15, 'Transitional areas': 0.27}",0.003133956
4,Sulfur dioxide,[ 39.716128 -75.52768 ],"{'Industrial': 0.95, 'Nonforested wetland': 0.05}",0.002436444
5,Sulfur dioxide,[ 39.631223 -75.613538],"{'Commercial and Services': 0.11, 'Cropland and pasture': 0.69, 'Nonforested wetland': 0.14, 'Evergreen forest land': 0.06}",0.009484174
6,Sulfur dioxide,[ 39.757891 -75.546034],"{'Commercial and Services': 0.11, 'Residential': 0.6, 'Other urban or built-up land': 0.19, 'Transportation, communications and services': 0.1}",0.011205739
7,Sulfur dioxide,[ 39.812335 -75.455196],"{'Commercial and Services': 0.16, 'Residential': 0.27, 'Industrial': 0.15, 'Transportation, communications and services': 0.41, 'Transitional areas': 0.01}",0.004432205000000001
8,Sulfur dioxide,[ 38.651225 -75.612705],"{'Commercial and Services': 0.4, 'Residential': 0.53, 'Cropland and pasture': 0.07}",0.006707333
0,Sulfur dioxide,[ 29.672467 -82.333438],{'Residential': 1.0},0.002148294
1,Sulfur dioxide,[ 30.289921 -85.694373],"{'Forested wetland': 0.05660377358490566, 'Evergreen forest land': 0.9433962264150944}",0.014033427
2,Sulfur dioxide,[ 30.27131 -85.68354],"{'Industrial': 0.01, 'Evergreen forest land': 0.99}",0.00236353
3,Sulfur dioxide,[ 30.254367 -85.703819],"{'Forested wetland': 0.09, 'Bays and estuaries': 0.19, 'Evergreen forest land': 0.72}",0.004239914
4,Sulfur dioxide,[ 30.272143 -85.683262],{'Evergreen forest land': 1.0},0.0051321050000000005
5,Sulfur dioxide,[ 28.403615 -80.706164],"{'Commercial and Services': 0.11, 'Residential': 0.39, 'Orchards, groves, vineyards, nurseries..': 0.17, 'Evergreen forest land': 0.12, 'Transportation, communications and services': 0.21}",0.005185029
6,Sulfur dioxide,[ 28.948866 -82.623714],"{'Cropland and pasture': 0.08, 'Evergreen forest land': 0.92}",0.0071279429999999986
7,Sulfur dioxide,[ 28.980556 -82.644381],"{'Cropland and pasture': 0.71, 'Evergreen forest land': 0.16, 'Transitional areas': 0.13}",0.007589714999999999
8,Sulfur dioxide,[ 30.356339 -81.635396],"{'Residential': 0.93, 'Industrial': 0.04, 'Transportation, communications and services': 0.03}",0.0038418620000000006
9,Sulfur dioxide,[ 30.327739 -81.655651],"{'Commercial and Services': 0.91, 'Mixed urban or built-up land': 0.02, 'Streams and canals': 0.07}",0.0076367909999999995
10,Sulfur dioxide,[ 30.375795 -81.585648],"{'Residential': 0.78, 'Streams and canals': 0.21, 'Evergreen forest land': 0.01}",0.001632252
11,Sulfur dioxide,[ 30.309119 -81.652341],"{'Commercial and Services': 0.4, 'Residential': 0.56, 'Transportation, communications and services': 0.04}",0.005681645
12,Sulfur dioxide,[ 30.422448 -81.620951],"{'Transitional areas': 0.3533834586466165, 'Evergreen forest land': 0.5488721804511278, 'Transportation, communications and services': 0.09774436090225563}",0.0010096880000000001
13,Sulfur dioxide,[ 30.457461 -81.534258],"{'Residential': 0.26, 'Cropland and pasture': 0.35, 'Nonforested wetland': 0.05, 'Evergreen forest land': 0.34}",0.0031686410000000003
14,Sulfur dioxide,[ 30.611072 -81.266751],{'Null area -- no land use assigned': 1.0},0.00096875
15,Sulfur dioxide,[ 30.525367 -87.20355 ],"{'Commercial and Services': 0.65, 'Residential': 0.03, 'Other urban or built-up land': 0.24, 'Mixed urban or built-up land': 0.08}",0.0027519859999999997
16,Sulfur dioxide,[ 30.575472 -87.244972],"{'Reservoirs': 0.0196078431372549, 'Evergreen forest land': 0.9803921568627451}",0.002885655
17,Sulfur dioxide,[ 30.59825  -87.181081],"{'Strip mines, quarries and gravel pits': 0.06, 'Evergreen forest land': 0.94}",0.000948901
18,Sulfur dioxide,[ 30.497696 -87.205804],{'Residential': 1.0},0.0033499740000000004
19,Sulfur dioxide,[ 30.526306 -87.21886 ],"{'Residential': 0.28, 'Evergreen forest land': 0.72}",0.0021042860000000004
20,Sulfur dioxide,[ 30.546306 -87.236916],"{'Commercial and Services': 0.0364963503649635, 'Mixed urban or built-up land': 0.23357664233576642, 'Evergreen forest land': 0.7299270072992701}",0.003131427
21,Sulfur dioxide,[ 30.46603  -87.258028],"{'Commercial and Services': 0.08181818181818182, 'Residential': 0.7272727272727273, 'Transportation, communications and services': 0.07272727272727272, 'Transitional areas': 0.045454545454545456, 'Strip mines, quarries and gravel pits': 0.07272727272727272}",0.00325006
22,Sulfur dioxide,[ 30.669914 -84.859364],"{'Forested wetland': 0.1619047619047619, 'Cropland and pasture': 0.047619047619047616, 'Evergreen forest land': 0.7904761904761904}",0.006147232
23,Sulfur dioxide,[ 30.650193 -84.871587],{'Evergreen forest land': 1.0},0.009752990999999999
24,Sulfur dioxide,[ 27.947521 -82.45315 ],{'Commercial and Services': 1.0},0.008972584
25,Sulfur dioxide,[ 27.920578 -82.446206],"{'Residential': 0.1437908496732026, 'Bays and estuaries': 0.5490196078431373, 'Transportation, communications and services': 0.20261437908496732, 'Industrial': 0.10457516339869281}",0.007489826
26,Sulfur dioxide,[ 27.88669  -82.481206],"{'Commercial and Services': 0.05, 'Residential': 0.53, 'Bays and estuaries': 0.42}",0.0045206000000000005
27,Sulfur dioxide,[ 27.762806 -82.400927],"{'Residential': 0.37, 'Industrial': 0.1, 'Cropland and pasture': 0.52, 'Evergreen forest land': 0.01}",0.002668824
28,Sulfur dioxide,[ 27.948632 -82.452873],{'Commercial and Services': 1.0},0.004441962999999999
29,Sulfur dioxide,[ 27.928356 -82.454539],"{'Commercial and Services': 0.08854166666666667, 'Residential': 0.390625, 'Bays and estuaries': 0.5208333333333334}",0.003828099
30,Sulfur dioxide,[ 30.727134 -85.783265],"{'Forested wetland': 0.0990990990990991, 'Mixed forest land': 0.9009009009009009}",0.011174034
31,Sulfur dioxide,[ 30.668249 -84.910199],"{'Cropland and pasture': 0.18, 'Mixed forest land': 0.82}",0.004966229
32,Sulfur dioxide,[ 30.690192 -84.832976],"{'Residential': 0.36363636363636365, 'Industrial': 0.00909090909090909, 'Evergreen forest land': 0.42727272727272725, 'Mixed forest land': 0.2}",0.003978419
33,Sulfur dioxide,[ 26.602016 -81.877908],"{'Commercial and Services': 0.19230769230769232, 'Residential': 0.6442307692307693, 'Other urban or built-up land': 0.16346153846153846}",0.0028008060000000003
34,Sulfur dioxide,[ 25.798709 -80.210048],"{'Commercial and Services': 0.4095744680851064, 'Residential': 0.02127659574468085, 'Industrial': 0.02127659574468085, 'Transportation, communications and services': 0.5478723404255319}",0.0034437250000000003
35,Sulfur dioxide,[ 30.658552 -81.463168],"{'Commercial and Services': 0.28, 'Residential': 0.55, 'Nonforested wetland': 0.12, 'Evergreen forest land': 0.03, 'Mixed urban or built-up land': 0.02}",0.0035143150000000005
36,Sulfur dioxide,[ 28.596389 -81.3625  ],"{'Commercial and Services': 0.41, 'Residential': 0.59}",0.003761972
37,Sulfur dioxide,[ 26.781451 -80.069486],"{'Residential': 0.36, 'Industrial': 0.21, 'Other urban or built-up land': 0.43}",0.014586207
38,Sulfur dioxide,[ 27.863635 -82.623153],"{'Commercial and Services': 0.25, 'Residential': 0.05, 'Streams and canals': 0.12, 'Forested wetland': 0.55, 'Cropland and pasture': 0.03}",0.0022683150000000003
39,Sulfur dioxide,[ 28.090299 -82.700707],"{'Residential': 0.25, 'Forested wetland': 0.27, 'Cropland and pasture': 0.47, 'Lakes': 0.01}",0.0016206979999999998
40,Sulfur dioxide,[ 28.163902 -82.773713],"{'Residential': 0.31, 'Streams and canals': 0.42, 'Industrial': 0.27}",0.0030071050000000004
41,Sulfur dioxide,[ 29.806913 -81.530636],"{'Forested wetland': 0.26, 'Evergreen forest land': 0.74}",0.000272727
0,Sulfur dioxide,[ 33.153413 -83.23569 ],"{'Residential': 0.11731843575418995, 'Reservoirs': 0.13966480446927373, 'Transportation, communications and services': 0.18435754189944134, 'Evergreen forest land': 0.5586592178770949}",0.0058187080000000006
1,Sulfur dioxide,[ 32.915415 -83.704624],"{'Evergreen forest land': 0.36752136752136755, 'Transportation, communications and services': 0.48717948717948717, 'Mixed forest land': 0.1452991452991453}",0.0059352630000000005
2,Sulfur dioxide,[ 32.054375 -81.123167],"{'Commercial and Services': 0.05, 'Residential': 0.46, 'Industrial and commercial complexes': 0.49}",0.0060051443333333345
3,Sulfur dioxide,[ 32.149647 -81.181502],"{'Forested wetland': 0.11, 'Reservoirs': 0.12, 'Evergreen forest land': 0.04, 'Mixed forest land': 0.44, 'Commercial and Services': 0.2, 'Transitional areas': 0.09}",0.004921401000000001
4,Sulfur dioxide,[ 33.388172 -84.81688 ],"{'Industrial': 0.07, 'Evergreen forest land': 0.2, 'Mixed forest land': 0.05, 'Commercial and Services': 0.02, 'Residential': 0.62, 'Transitional areas': 0.04}",0.009921226
5,Sulfur dioxide,[ 34.98567  -84.375193],"{'Commercial and Services': 0.03, 'Residential': 0.46, 'Deciduous forest land': 0.51}",0.009121145
6,Sulfur dioxide,[ 34.26054 -85.32333],"{'Residential': 0.18095238095238095, 'Mixed forest land': 0.1523809523809524, 'Evergreen forest land': 0.6190476190476191, 'Strip mines, quarries and gravel pits': 0.047619047619047616}",0.005936785
7,Sulfur dioxide,[ 33.752625 -84.383325],"{'Commercial and Services': 0.48, 'Transportation, communications and services': 0.52}",0.006134822
8,Sulfur dioxide,[ 31.150787 -81.477044],"{'Residential': 0.31, 'Streams and canals': 0.04, 'Other urban or built-up land': 0.11, 'Lakes': 0.18, 'Nonforested wetland': 0.36}",0.008916621000000001
9,Sulfur dioxide,[ 31.437677 -84.121295],"{'Orchards, groves, vineyards, nurseries..': 1.0}",0.006440852
10,Sulfur dioxide,[ 32.49653  -84.868541],"{'Commercial and Services': 0.21, 'Residential': 0.26, 'Transitional areas': 0.35, 'Mixed forest land': 0.18}",0.010936268
11,Sulfur dioxide,[ 33.39375  -82.006228],"{'Commercial and Services': 0.49, 'Residential': 0.21, 'Industrial': 0.3}",0.008695027
12,Sulfur dioxide,[ 32.091565 -82.888754],"{'Other urban or built-up land': 0.5, 'Forested wetland': 0.01, 'Reservoirs': 0.01, 'Transportation, communications and services': 0.01, 'Evergreen forest land': 0.47}",0.015726483
0,Sulfur dioxide,[ 39.93449  -91.402372],"{'Commercial and Services': 0.9, 'Residential': 0.1}",0.013082271
1,Sulfur dioxide,[ 41.894477 -87.62033 ],"{'Commercial and Services': 0.9, 'Bays and estuaries': 0.04, 'Transportation, communications and services': 0.06}",0.010900156999999999
2,Sulfur dioxide,[ 41.884477 -87.632831],{'Commercial and Services': 1.0},0.013658607
3,Sulfur dioxide,[ 41.616424 -87.557822],"{'Commercial and Services': 0.25, 'Residential': 0.31, 'Deciduous forest land': 0.44}",0.016777857
4,Sulfur dioxide,[ 41.816976 -87.819779],"{'Commercial and Services': 0.07, 'Residential': 0.41, 'Industrial': 0.02, 'Transportation, communications and services': 0.5}",0.010110699
5,Sulfur dioxide,[ 41.87392  -87.849504],"{'Commercial and Services': 0.08465608465608465, 'Residential': 0.3544973544973545, 'Industrial': 0.031746031746031744, 'Transportation, communications and services': 0.5291005291005291}",0.010184065
6,Sulfur dioxide,[ 41.514757 -87.645044],"{'Commercial and Services': 0.64, 'Residential': 0.36}",0.014220729
7,Sulfur dioxide,[ 42.060029 -87.752561],"{'Commercial and Services': 0.19, 'Residential': 0.37, 'Industrial': 0.39, 'Transportation, communications and services': 0.05}",0.009070001999999999
8,Sulfur dioxide,[ 39.168929 -87.644193],"{'Mixed urban or built-up land': 0.01, 'Streams and canals': 0.01, 'Cropland and pasture': 0.98}",0.023327762
9,Sulfur dioxide,[ 41.332813 -89.109527],"{'Residential': 0.6074766355140186, 'Industrial': 0.32710280373831774, 'Other urban or built-up land': 0.06542056074766354}",0.030786296000000005
10,Sulfur dioxide,[ 42.386706 -87.841406],"{'Commercial and Services': 0.51, 'Residential': 0.49}",0.010477930000000002
11,Sulfur dioxide,[ 39.874204 -88.925078],"{'Commercial and Services': 0.135, 'Residential': 0.18, 'Industrial': 0.185, 'Cropland and pasture': 0.5}",0.023883992000000003
12,Sulfur dioxide,[ 38.901437 -90.147331],"{'Commercial and Services': 0.2753623188405797, 'Residential': 0.7246376811594203}",0.014524686
13,Sulfur dioxide,[ 38.71005  -90.149276],"{'Commercial and Services': 0.23, 'Residential': 0.19, 'Industrial': 0.42, 'Other urban or built-up land': 0.07, 'Transportation, communications and services': 0.09}",0.010714218000000001
14,Sulfur dioxide,[ 38.793341 -90.039762],"{'Mixed urban or built-up land': 0.18699186991869918, 'Cropland and pasture': 0.8130081300813008}",0.013929004999999998
15,Sulfur dioxide,[ 38.860669 -90.105851],"{'Industrial': 0.19, 'Reservoirs': 0.14, 'Mixed urban or built-up land': 0.15, 'Commercial and Services': 0.15, 'Residential': 0.17, 'Deciduous forest land': 0.16, 'Cropland and pasture': 0.04}",0.015134149
16,Sulfur dioxide,[ 37.184221 -88.748944],"{'Cropland and pasture': 0.847457627118644, 'Transportation, communications and services': 0.15254237288135594}",0.012411668
17,Sulfur dioxide,[ 37.198943 -88.81728 ],"{'Cropland and pasture': 0.14, 'Deciduous forest land': 0.6, 'Reservoirs': 0.01, 'Mixed forest land': 0.25}",0.012636466
18,Sulfur dioxide,[ 37.21561  -88.703664],"{'Cropland and pasture': 0.95, 'Transportation, communications and services': 0.05}",0.010179789
19,Sulfur dioxide,[ 37.183387 -88.704496],{'Cropland and pasture': 1.0},0.005599335
20,Sulfur dioxide,[ 37.216721 -88.773945],"{'Cropland and pasture': 0.9523809523809523, 'Deciduous forest land': 0.047619047619047616}",0.008036141
21,Sulfur dioxide,[ 37.184498 -88.74811 ],"{'Cropland and pasture': 0.8333333333333334, 'Transportation, communications and services': 0.16666666666666666}",0.010537028999999998
22,Sulfur dioxide,[ 37.154776 -88.740054],"{'Cropland and pasture': 0.27, 'Industrial': 0.15, 'Deciduous forest land': 0.29, 'Reservoirs': 0.08, 'Residential': 0.21}",0.007356571000000002
23,Sulfur dioxide,[ 40.68742  -89.606943],"{'Commercial and Services': 0.51, 'Residential': 0.49}",0.008053341
24,Sulfur dioxide,[ 40.695038 -89.587319],"{'Commercial and Services': 0.88, 'Residential': 0.02, 'Transportation, communications and services': 0.1}",0.004681716000000001
25,Sulfur dioxide,[ 41.511978 -90.514301],"{'Commercial and Services': 0.6551724137931034, 'Reservoirs': 0.1810344827586207, 'Other urban or built-up land': 0.008620689655172414, 'Transportation, communications and services': 0.15517241379310345}",0.006568008
26,Sulfur dioxide,[ 38.612034 -90.160477],"{'Commercial and Services': 0.11650485436893204, 'Residential': 0.7669902912621359, 'Transportation, communications and services': 0.08737864077669903, 'Transitional areas': 0.02912621359223301}",0.011789555
27,Sulfur dioxide,[ 38.57144 -90.16261],"{'Residential': 0.31, 'Other urban or built-up land': 0.11, 'Cropland and pasture': 0.08, 'Transportation, communications and services': 0.5}",0.010824693
28,Sulfur dioxide,[ 39.800614 -89.591225],"{'Cropland and pasture': 0.12, 'Deciduous forest land': 0.09, 'Transportation, communications and services': 0.79}",0.009943718
29,Sulfur dioxide,[ 40.665038 -89.576209],"{'Commercial and Services': 0.02, 'Residential': 0.3, 'Industrial': 0.68}",0.014580481999999999
30,Sulfur dioxide,[ 40.55646  -89.654028],"{'Commercial and Services': 0.21, 'Residential': 0.72, 'Industrial': 0.02, 'Cropland and pasture': 0.02, 'Transportation, communications and services': 0.03}",0.015477745
31,Sulfur dioxide,[ 38.397276 -87.773631],"{'Residential': 0.12, 'Cropland and pasture': 0.88}",0.01110965
32,Sulfur dioxide,[ 38.369498 -87.834466],{'Cropland and pasture': 1.0},0.016286386
33,Sulfur dioxide,[ 41.530309 -88.085337],"{'Commercial and Services': 0.73, 'Residential': 0.2, 'Streams and canals': 0.07}",0.015069754
34,Sulfur dioxide,[ 41.516698 -88.109781],"{'Residential': 0.94, 'Transportation, communications and services': 0.06}",0.014088615
35,Sulfur dioxide,[ 37.728106 -88.953682],"{'Industrial': 0.02, 'Commercial and Services': 0.4, 'Residential': 0.02, 'Other urban or built-up land': 0.28, 'Cropland and pasture': 0.08, 'Transportation, communications and services': 0.2}",0.004802926000000001
36,Sulfur dioxide,[ 42.248632 -89.073161],"{'Commercial and Services': 0.03, 'Residential': 0.43, 'Industrial': 0.54}",0.005947056
0,Sulfur dioxide,[ 44.09674  -70.216166],"{'Commercial and Services': 0.22, 'Residential': 0.16, 'Industrial and commercial complexes': 0.62}",0.005903118000000001
1,Sulfur dioxide,[ 44.098406 -70.215055],"{'Commercial and Services': 0.33, 'Residential': 0.35, 'Industrial and commercial complexes': 0.32}",0.015501808999999998
2,Sulfur dioxide,[ 47.352435 -68.312223],"{'Cropland and pasture': 0.28, 'Deciduous forest land': 0.34, 'Residential': 0.38}",0.004264589
3,Sulfur dioxide,[ 47.351984 -68.293652],"{'Residential': 0.16, 'Cropland and pasture': 0.72, 'Evergreen forest land': 0.12}",0.010269476
4,Sulfur dioxide,[ 47.352753 -68.325709],"{'Commercial and Services': 0.2, 'Residential': 0.72, 'Cropland and pasture': 0.08}",0.004546924
5,Sulfur dioxide,[ 43.658138 -70.258104],"{'Commercial and Services': 0.76, 'Mixed urban or built-up land': 0.18, 'Transportation, communications and services': 0.06}",0.00367508
6,Sulfur dioxide,[ 43.673138 -70.252826],"{'Commercial and Services': 0.29, 'Residential': 0.17, 'Bays and estuaries': 0.28, 'Other urban or built-up land': 0.21, 'Transportation, communications and services': 0.05}",0.0042174579999999995
7,Sulfur dioxide,[ 43.670637 -70.336994],"{'Commercial and Services': 0.08, 'Industrial': 0.1, 'Cropland and pasture': 0.44, 'Mixed forest land': 0.38}",0.0015293960000000001
8,Sulfur dioxide,[ 43.623416 -70.209214],"{'Commercial and Services': 0.3, 'Residential': 0.09, 'Null area -- no land use assigned': 0.55, 'Bays and estuaries': 0.06}",0.001026663
9,Sulfur dioxide,[ 43.721471 -70.134214],"{'Residential': 0.2857142857142857, 'Bays and estuaries': 0.6211180124223602, 'Mixed forest land': 0.024844720496894408, 'Evergreen forest land': 0.06832298136645963}",0.0009941549999999998
10,Sulfur dioxide,[ 43.85508  -70.110328],"{'Mixed forest land': 0.11, 'Commercial and Services': 0.09, 'Residential': 0.39, 'Other urban or built-up land': 0.2, 'Transportation, communications and services': 0.19, 'Evergreen forest land': 0.02}",0.0016178579999999998
11,Sulfur dioxide,[ 43.83258  -70.148105],"{'Residential': 0.24324324324324326, 'Nonforested wetland': 0.02702702702702703, 'Evergreen forest land': 0.7297297297297297}",0.023084711
12,Sulfur dioxide,[ 44.492567 -70.230852],{'Mixed forest land': 1.0},0.013520704
13,Sulfur dioxide,[ 44.08147  -69.155598],"{'Strip mines, quarries and gravel pits': 0.26, 'Industrial': 0.16, 'Cropland and pasture': 0.36, 'Mixed forest land': 0.22}",0.0024741620000000002
14,Sulfur dioxide,[ 44.080637 -69.16532 ],"{'Residential': 0.17, 'Cropland and pasture': 0.64, 'Mixed forest land': 0.15, 'Strip mines, quarries and gravel pits': 0.04}",0.005285496000000001
15,Sulfur dioxide,[ 44.085081 -69.163098],"{'Strip mines, quarries and gravel pits': 0.21, 'Industrial': 0.11, 'Cropland and pasture': 0.68}",0.010001092
16,Sulfur dioxide,[ 44.103969 -69.141986],"{'Residential': 0.01, 'Cropland and pasture': 0.99}",0.004165655999999999
17,Sulfur dioxide,[ 44.096389 -69.147169],"{'Commercial and Services': 0.018867924528301886, 'Residential': 0.05660377358490566, 'Cropland and pasture': 0.9056603773584906, 'Transportation, communications and services': 0.009433962264150943, 'Strip mines, quarries and gravel pits': 0.009433962264150943}",0.0057306480000000005
18,Sulfur dioxide,[ 44.558674 -70.533121],"{'Commercial and Services': 0.11, 'Residential': 0.28, 'Streams and canals': 0.02, 'Cropland and pasture': 0.35, 'Evergreen forest land': 0.24}",0.008480625
19,Sulfur dioxide,[ 44.543397 -70.52701 ],"{'Streams and canals': 0.39, 'Evergreen forest land': 0.61}",0.004545515
20,Sulfur dioxide,[ 44.563119 -70.558399],"{'Commercial and Services': 0.13793103448275862, 'Residential': 0.25, 'Evergreen forest land': 0.6120689655172413}",0.008795709
21,Sulfur dioxide,[ 44.801738 -68.771147],"{'Commercial and Services': 0.69, 'Residential': 0.29, 'Streams and canals': 0.02}",0.026285151000000003
22,Sulfur dioxide,[ 45.651994 -68.698091],"{'Residential': 0.08, 'Industrial': 0.18, 'Other urban or built-up land': 0.63, 'Transportation, communications and services': 0.06, 'Evergreen forest land': 0.05}",0.015629767000000003
23,Sulfur dioxide,[ 45.632553 -68.568919],"{'Commercial and Services': 0.04, 'Residential': 0.57, 'Deciduous forest land': 0.23, 'Evergreen forest land': 0.16}",0.0063343869999999995
24,Sulfur dioxide,[ 45.63894  -68.691701],"{'Industrial': 0.04, 'Deciduous forest land': 0.64, 'Transportation, communications and services': 0.18, 'Evergreen forest land': 0.14}",0.0041488390000000005
25,Sulfur dioxide,[ 45.64755  -68.701702],"{'Other urban or built-up land': 0.08, 'Industrial': 0.84, 'Deciduous forest land': 0.01, 'Evergreen forest land': 0.07}",0.013102317
26,Sulfur dioxide,[ 45.660606 -68.694202],"{'Commercial and Services': 0.2, 'Residential': 0.41, 'Evergreen forest land': 0.39}",0.022811185
27,Sulfur dioxide,[ 45.15304  -67.397468],"{'Residential': 0.48, 'Industrial': 0.15, 'Evergreen forest land': 0.29, 'Mixed forest land': 0.08}",0.01126
0,Sulfur dioxide,[ 39.64981  -78.762519],"{'Industrial': 0.41, 'Mixed forest land': 0.01, 'Commercial and Services': 0.2, 'Residential': 0.19, 'Streams and canals': 0.12, 'Transportation, communications and services': 0.07}",0.0150479655
1,Sulfur dioxide,[ 38.9025   -76.653056],"{'Commercial and Services': 0.16, 'Cropland and pasture': 0.8, 'Mixed forest land': 0.04}",0.0041260920000000005
2,Sulfur dioxide,[ 39.169533 -76.627933],"{'Residential': 0.71, 'Industrial': 0.16, 'Mixed urban or built-up land': 0.13}",0.00881932
3,Sulfur dioxide,[ 39.159831 -76.511351],"{'Commercial and Services': 0.047619047619047616, 'Residential': 0.9333333333333333, 'Deciduous forest land': 0.01904761904761905}",0.012653374000000002
4,Sulfur dioxide,[ 39.299829 -76.612745],{'Commercial and Services': 1.0},0.017573501999999998
5,Sulfur dioxide,[ 39.236775 -76.584132],"{'Transportation, communications and services': 1.0}",0.011476099000000002
6,Sulfur dioxide,[ 39.314167 -76.613333],"{'Commercial and Services': 0.41, 'Residential': 0.55, 'Other urban or built-up land': 0.04}",0.007700961000000002
7,Sulfur dioxide,[ 39.405939 -76.764975],"{'Commercial and Services': 0.31, 'Industrial': 0.17, 'Cropland and pasture': 0.04, 'Mixed forest land': 0.48}",0.012772246999999999
8,Sulfur dioxide,[ 39.310833 -76.474444],"{'Residential': 0.93, 'Mixed urban or built-up land': 0.07}",0.008354167000000001
9,Sulfur dioxide,[ 38.851667 -76.932778],"{'Commercial and Services': 0.69, 'Residential': 0.19, 'Mixed forest land': 0.12}",0.023040609
0,Sulfur dioxide,[ 42.452863 -73.200659],"{'Residential': 0.33, 'Industrial and commercial complexes': 0.27, 'Deciduous forest land': 0.26, 'Cropland and pasture': 0.14}",0.011589446000000002
1,Sulfur dioxide,[ 41.930378 -71.264496],"{'Commercial and Services': 0.16393442622950818, 'Forested wetland': 0.01639344262295082, 'Deciduous forest land': 0.819672131147541}",0.006137389
2,Sulfur dioxide,[ 41.685707 -71.169235],"{'Mixed urban or built-up land': 0.36, 'Industrial': 0.02, 'Lakes': 0.1, 'Residential': 0.52}",0.013042725000000002
3,Sulfur dioxide,[ 42.724259 -70.986721],"{'Commercial and Services': 0.2388888888888889, 'Residential': 0.18888888888888888, 'Deciduous forest land': 0.5555555555555556, 'Other urban or built-up land': 0.016666666666666666}",0.01864095
4,Sulfur dioxide,[ 42.713147 -71.120335],"{'Residential': 0.18, 'Deciduous forest land': 0.1, 'Transportation, communications and services': 0.72}",0.012914263
5,Sulfur dioxide,[ 42.708702 -71.148669],"{'Commercial and Services': 0.18, 'Residential': 0.05, 'Streams and canals': 0.02, 'Industrial': 0.25, 'Transportation, communications and services': 0.5}",0.0064517540000000005
6,Sulfur dioxide,[ 42.189259 -72.602867],"{'Commercial and Services': 0.03, 'Residential': 0.67, 'Streams and canals': 0.07, 'Industrial': 0.23}",0.01344774
7,Sulfur dioxide,[ 42.140372 -72.493698],"{'Commercial and Services': 0.43, 'Residential': 0.57}",0.012228427
8,Sulfur dioxide,[ 42.087038 -72.593422],"{'Residential': 0.12, 'Industrial': 0.08, 'Cropland and pasture': 0.32, 'Transportation, communications and services': 0.48}",0.02541573
9,Sulfur dioxide,[ 42.646202 -71.309783],"{'Commercial and Services': 0.78, 'Streams and canals': 0.03, 'Industrial': 0.19}",0.021232297
10,Sulfur dioxide,[ 42.374819 -71.181999],"{'Commercial and Services': 0.052132701421800945, 'Residential': 0.47393364928909953, 'Transportation, communications and services': 0.47393364928909953}",0.008878968000000001
11,Sulfur dioxide,[ 42.404819 -71.082274],"{'Commercial and Services': 0.9615384615384616, 'Residential': 0.038461538461538464}",0.011353703
12,Sulfur dioxide,[ 42.403708 -71.10783 ],"{'Commercial and Services': 0.06422018348623854, 'Residential': 0.43119266055045874, 'Other urban or built-up land': 0.045871559633027525, 'Transportation, communications and services': 0.45871559633027525}",0.012873677000000002
13,Sulfur dioxide,[ 42.244544 -70.971436],"{'Residential': 0.1, 'Streams and canals': 0.18, 'Industrial': 0.72}",0.01497076
14,Sulfur dioxide,[ 42.212875 -71.335058],"{'Commercial and Services': 0.11764705882352941, 'Residential': 0.06666666666666667, 'Deciduous forest land': 0.39215686274509803, 'Transportation, communications and services': 0.39215686274509803, 'Cropland and pasture': 0.03137254901960784}",0.014854873
15,Sulfur dioxide,[ 42.348873 -71.097163],"{'Commercial and Services': 0.2552083333333333, 'Residential': 0.11458333333333333, 'Streams and canals': 0.109375, 'Transportation, communications and services': 0.5208333333333334}",0.007440844
16,Sulfur dioxide,[ 42.368708 -71.039773],"{'Residential': 0.25, 'Streams and canals': 0.37, 'Transportation, communications and services': 0.38}",0.00986086
17,Sulfur dioxide,[ 42.377833 -71.027138],"{'Commercial and Services': 0.02, 'Residential': 0.81, 'Industrial': 0.01, 'Transportation, communications and services': 0.16}",0.009755974
18,Sulfur dioxide,[ 42.571757 -71.783406],"{'Commercial and Services': 0.77, 'Residential': 0.23}",0.012965226000000002
19,Sulfur dioxide,[ 42.258704 -71.800072],"{'Commercial and Services': 0.23376623376623376, 'Residential': 0.1038961038961039, 'Industrial': 0.16233766233766234, 'Other urban or built-up land': 0.05844155844155844, 'Transportation, communications and services': 0.44155844155844154}",0.022219298
20,Sulfur dioxide,[ 42.264815 -71.794238],"{'Commercial and Services': 0.4122137404580153, 'Residential': 0.15267175572519084, 'Transportation, communications and services': 0.4351145038167939}",0.005690093
0,Sulfur dioxide,[ 42.917582 -71.999525],"{'Nonforested wetland': 0.046511627906976744, 'Mixed forest land': 0.9534883720930233}",0.015314643999999999
1,Sulfur dioxide,[ 44.478114 -71.174521],"{'Residential': 0.59, 'Streams and canals': 0.07, 'Industrial': 0.34}",0.013232462
2,Sulfur dioxide,[ 44.471169 -71.166188],"{'Residential': 0.81, 'Industrial': 0.16, 'Deciduous forest land': 0.03}",0.021960827
3,Sulfur dioxide,[ 44.599221 -71.502584],"{'Industrial': 0.15, 'Mixed forest land': 0.85}",0.005845756999999999
4,Sulfur dioxide,[ 42.992862 -71.463956],"{'Commercial and Services': 0.54, 'Streams and canals': 0.14, 'Industrial': 0.32}",0.034381151000000006
5,Sulfur dioxide,[ 42.752867 -71.462843],"{'Commercial and Services': 0.25, 'Residential': 0.71, 'Other urban or built-up land': 0.03, 'Lakes': 0.01}",0.018999376999999998
6,Sulfur dioxide,[ 43.078144 -70.762276],"{'Commercial and Services': 0.21, 'Residential': 0.13, 'Streams and canals': 0.03, 'Industrial': 0.43, 'Lakes': 0.2}",0.019958601000000003
0,Sulfur dioxide,[ 39.3575   -74.439444],"{'Commercial and Services': 0.32, 'Residential': 0.31, 'Null area -- no land use assigned': 0.01, 'Transitional areas': 0.09, 'Beaches': 0.27}",0.005636446999999999
1,Sulfur dioxide,[ 39.530256 -74.460281],"{'Nonforested wetland': 0.36, 'Mixed forest land': 0.64}",0.006548037
2,Sulfur dioxide,[ 40.937599 -73.994583],"{'Commercial and Services': 0.32432432432432434, 'Residential': 0.6756756756756757}",0.011705176999999999
3,Sulfur dioxide,[ 40.882373 -74.042172],"{'Commercial and Services': 0.86, 'Mixed urban or built-up land': 0.07, 'Transportation, communications and services': 0.07}",0.007356907000000002
4,Sulfur dioxide,[ 40.078062 -74.857717],"{'Commercial and Services': 0.44, 'Residential': 0.56}",0.008276746000000001
5,Sulfur dioxide,[ 40.050391 -74.586544],"{'Residential': 0.98, 'Cropland and pasture': 0.02}",0.010925968000000001
6,Sulfur dioxide,[ 39.68425  -74.861491],"{'Commercial and Services': 0.85, 'Deciduous forest land': 0.15}",0.03129331
7,Sulfur dioxide,[ 39.923042 -75.097617],"{'Commercial and Services': 0.2631578947368421, 'Residential': 0.5877192982456141, 'Other urban or built-up land': 0.14912280701754385}",0.015950552
8,Sulfur dioxide,[ 39.947335 -75.119064],"{'Commercial and Services': 0.61, 'Residential': 0.06, 'Transportation, communications and services': 0.07, 'Transitional areas': 0.26}",0.024443372999999997
9,Sulfur dioxide,[ 39.104003 -74.814611],"{'Residential': 0.08, 'Other urban or built-up land': 0.45, 'Mixed forest land': 0.47}",0.005586547000000001
10,Sulfur dioxide,[ 39.492338 -75.020453],"{'Residential': 0.8130081300813008, 'Other urban or built-up land': 0.14634146341463414, 'Strip mines, quarries and gravel pits': 0.04065040650406504}",0.008645019
11,Sulfur dioxide,[ 40.732601 -74.177645],"{'Commercial and Services': 0.66, 'Residential': 0.34}",0.01871915
12,Sulfur dioxide,[ 40.757501 -74.2005  ],"{'Commercial and Services': 0.24, 'Residential': 0.46, 'Transportation, communications and services': 0.3}",0.008311790999999999
13,Sulfur dioxide,[ 39.829835 -75.240461],"{'Commercial and Services': 0.14, 'Residential': 0.85, 'Lakes': 0.01}",0.008829367999999999
14,Sulfur dioxide,[ 40.680936 -74.119309],"{'Residential': 0.05, 'Streams and canals': 0.76, 'Other urban or built-up land': 0.19}",0.005469140999999999
15,Sulfur dioxide,[ 40.731645 -74.066308],"{'Commercial and Services': 0.24242424242424243, 'Residential': 0.7575757575757576}",0.009593303
16,Sulfur dioxide,[ 40.515262 -74.806671],"{'Commercial and Services': 0.03205128205128205, 'Residential': 0.21153846153846154, 'Other urban or built-up land': 0.11538461538461539, 'Cropland and pasture': 0.6410256410256411}",0.015449181999999999
17,Sulfur dioxide,[ 40.220109 -74.764606],"{'Commercial and Services': 0.9615384615384616, 'Residential': 0.038461538461538464}",0.008826656
18,Sulfur dioxide,[ 40.482327 -74.440429],"{'Commercial and Services': 0.37, 'Residential': 0.63}",0.012384936000000001
19,Sulfur dioxide,[ 40.508764 -74.268083],"{'Commercial and Services': 0.35, 'Residential': 0.65}",0.009114495
20,Sulfur dioxide,[ 40.216224 -74.01236 ],"{'Commercial and Services': 0.43, 'Residential': 0.36, 'Other urban or built-up land': 0.05, 'Lakes': 0.16}",0.009114495
21,Sulfur dioxide,[ 40.259895 -74.274689],"{'Commercial and Services': 0.3464052287581699, 'Residential': 0.6535947712418301}",0.012541515
22,Sulfur dioxide,[ 40.797342 -74.482494],"{'Commercial and Services': 0.4371584699453552, 'Residential': 0.546448087431694, 'Reservoirs': 0.01639344262295082}",0.00932885
23,Sulfur dioxide,[ 39.953729 -74.197642],"{'Commercial and Services': 0.88, 'Residential': 0.09, 'Streams and canals': 0.03}",0.015708326
24,Sulfur dioxide,[ 40.928988 -74.155144],"{'Commercial and Services': 0.22, 'Residential': 0.78}",0.007430461
25,Sulfur dioxide,[ 39.729836 -75.468251],"{'Commercial and Services': 0.232, 'Residential': 0.768}",0.012803503
26,Sulfur dioxide,[ 40.600936 -74.441541],"{'Commercial and Services': 0.07407407407407407, 'Residential': 0.9259259259259259}",0.018283612
27,Sulfur dioxide,[ 40.56927  -74.613213],"{'Commercial and Services': 0.2753623188405797, 'Residential': 0.7101449275362319, 'Transitional areas': 0.014492753623188406}",0.011417855
28,Sulfur dioxide,[ 40.662389 -74.214817],"{'Commercial and Services': 0.36, 'Residential': 0.64}",0.01080246
29,Sulfur dioxide,[ 40.64144  -74.208365],"{'Residential': 0.01, 'Industrial': 0.18, 'Transportation, communications and services': 0.81}",0.00969875
30,Sulfur dioxide,[ 40.601725 -74.441067],"{'Commercial and Services': 0.11504424778761062, 'Residential': 0.8849557522123894}",0.009996981
31,Sulfur dioxide,[ 40.683155 -75.186564],"{'Deciduous forest land': 0.05172413793103448, 'Mixed urban or built-up land': 0.1206896551724138, 'Commercial and Services': 0.02586206896551724, 'Residential': 0.47413793103448276, 'Streams and canals': 0.25, 'Other urban or built-up land': 0.017241379310344827, 'Transportation, communications and services': 0.0603448275862069}",0.010433659
0,Sulfur dioxide,[ 42.647301 -73.755676],"{'Commercial and Services': 0.3588235294117647, 'Residential': 0.052941176470588235, 'Transportation, communications and services': 0.5882352941176471}",0.018759248
1,Sulfur dioxide,[ 40.831767 -73.903748],"{'Residential': 0.5, 'Transportation, communications and services': 0.5}",0.015572354999999996
2,Sulfur dioxide,[ 42.099798 -75.89325 ],"{'Commercial and Services': 0.07, 'Residential': 0.72, 'Streams and canals': 0.06, 'Industrial': 0.15}",0.007784073000000001
3,Sulfur dioxide,[ 42.290788 -79.589349],"{'Cropland and pasture': 0.97, 'Deciduous forest land': 0.03}",0.00797631
4,Sulfur dioxide,[ 42.11096 -76.80221],"{'Residential': 0.41, 'Industrial': 0.53, 'Transportation, communications and services': 0.02, 'Mixed forest land': 0.04}",0.006271266000000001
5,Sulfur dioxide,[ 41.703705 -73.935138],"{'Commercial and Services': 0.12, 'Mixed urban or built-up land': 0.55, 'Industrial': 0.06, 'Deciduous forest land': 0.1, 'Transportation, communications and services': 0.17}",0.019511685
6,Sulfur dioxide,[ 42.99328 -78.77153],"{'Other urban or built-up land': 0.88, 'Residential': 0.07, 'Deciduous forest land': 0.05}",0.01628357
7,Sulfur dioxide,[ 42.871169 -78.830312],"{'Commercial and Services': 0.01, 'Residential': 0.08, 'Industrial': 0.67, 'Transportation, communications and services': 0.24}",0.029078312
8,Sulfur dioxide,[ 42.876907 -78.809526],"{'Commercial and Services': 0.35, 'Residential': 0.44, 'Other urban or built-up land': 0.11, 'Transportation, communications and services': 0.1}",0.011091031999999999
9,Sulfur dioxide,[ 42.930614 -78.867536],"{'Other urban or built-up land': 0.77, 'Reservoirs': 0.12, 'Residential': 0.11}",0.007920605
10,Sulfur dioxide,[ 42.99551 -78.90152],"{'Industrial': 0.11, 'Deciduous forest land': 0.02, 'Residential': 0.01, 'Other urban or built-up land': 0.07, 'Transportation, communications and services': 0.64, 'Transitional areas': 0.15}",0.008301733
11,Sulfur dioxide,[ 42.818948 -78.840589],"{'Residential': 0.45132743362831856, 'Industrial': 0.017699115044247787, 'Other urban or built-up land': 0.20353982300884957, 'Transportation, communications and services': 0.3274336283185841}",0.02560982
12,Sulfur dioxide,[ 40.592605 -73.937082],"{'Commercial and Services': 0.3391304347826087, 'Residential': 0.591304347826087, 'Transportation, communications and services': 0.06956521739130435}",0.007234534
13,Sulfur dioxide,[ 40.73277 -73.94722],"{'Commercial and Services': 0.28, 'Residential': 0.07, 'Industrial': 0.54, 'Transportation, communications and services': 0.11}",0.026867297000000002
14,Sulfur dioxide,[ 43.168395 -77.640281],"{'Commercial and Services': 0.33, 'Residential': 0.6, 'Industrial': 0.01, 'Other urban or built-up land': 0.06}",0.007504604000000001
15,Sulfur dioxide,[ 43.165512 -77.554511],"{'Commercial and Services': 0.14285714285714285, 'Residential': 0.8571428571428571}",0.022204669
16,Sulfur dioxide,[ 43.161062 -77.603293],"{'Commercial and Services': 0.45614035087719296, 'Transportation, communications and services': 0.543859649122807}",0.007286691999999999
17,Sulfur dioxide,[ 40.638159 -73.614851],"{'Commercial and Services': 0.02912621359223301, 'Residential': 0.970873786407767}",0.005560465
18,Sulfur dioxide,[ 40.74316 -73.58549],"{'Commercial and Services': 0.305, 'Other urban or built-up land': 0.195, 'Transportation, communications and services': 0.5}",0.0069727159999999995
19,Sulfur dioxide,[ 40.862044 -73.651795],"{'Commercial and Services': 0.07, 'Residential': 0.27, 'Bays and estuaries': 0.33, 'Other urban or built-up land': 0.19, 'Orchards, groves, vineyards, nurseries..': 0.14}",0.007970907000000001
20,Sulfur dioxide,[ 40.698989 -73.60945 ],"{'Residential': 0.415, 'Industrial and commercial complexes': 0.085, 'Transportation, communications and services': 0.5}",0.006262487000000001
21,Sulfur dioxide,[ 40.834822 -73.625683],"{'Commercial and Services': 0.25961538461538464, 'Residential': 0.7403846153846154}",0.008257726
22,Sulfur dioxide,[ 40.750102 -73.707631],"{'Commercial and Services': 0.0297029702970297, 'Residential': 0.4752475247524752, 'Transportation, communications and services': 0.49504950495049505}",0.0034127309999999996
23,Sulfur dioxide,[ 40.635659 -73.639574],"{'Commercial and Services': 0.19, 'Residential': 0.81}",0.009128876999999999
24,Sulfur dioxide,[ 40.821768 -73.947638],"{'Commercial and Services': 0.17355371900826447, 'Mixed urban or built-up land': 0.8264462809917356}",0.013527485999999998
25,Sulfur dioxide,[ 40.768157 -73.97125 ],"{'Commercial and Services': 0.25, 'Mixed urban or built-up land': 0.48, 'Other urban or built-up land': 0.27}",0.011123254
26,Sulfur dioxide,[ 40.739546 -73.985694],"{'Commercial and Services': 0.02, 'Mixed urban or built-up land': 0.98}",0.0077862109999999995
27,Sulfur dioxide,[ 43.168668 -78.701699],"{'Commercial and Services': 0.165, 'Residential': 0.335, 'Cropland and pasture': 0.5}",0.012060606000000001
28,Sulfur dioxide,[ 43.085889 -78.996154],"{'Residential': 0.365, 'Industrial': 0.135, 'Transportation, communications and services': 0.5}",0.009605986
29,Sulfur dioxide,[ 43.096723 -79.008376],"{'Residential': 0.032467532467532464, 'Industrial': 0.3181818181818182, 'Transportation, communications and services': 0.6493506493506493}",0.007865488
30,Sulfur dioxide,[ 43.212569 -75.45823 ],"{'Commercial and Services': 0.69, 'Residential': 0.29, 'Industrial': 0.02}",0.019457033999999998
31,Sulfur dioxide,[ 43.10007  -75.196274],"{'Shrub-brushland rangeland': 0.16, 'Industrial': 0.29, 'Transportation, communications and services': 0.5, 'Mixed forest land': 0.05}",0.013063424000000002
32,Sulfur dioxide,[ 43.060345 -76.127979],"{'Commercial and Services': 0.085, 'Residential': 0.415, 'Transportation, communications and services': 0.5}",0.022037317
33,Sulfur dioxide,[ 43.045345 -76.147425],"{'Commercial and Services': 0.92, 'Transportation, communications and services': 0.08}",0.011728605
34,Sulfur dioxide,[ 43.062567 -76.177981],"{'Commercial and Services': 0.28865979381443296, 'Industrial': 0.005154639175257732, 'Other urban or built-up land': 0.030927835051546393, 'Transportation, communications and services': 0.6391752577319587, 'Lakes': 0.03608247422680412}",0.015609056000000001
35,Sulfur dioxide,[ 40.735935 -73.816523],"{'Commercial and Services': 0.165, 'Residential': 0.335, 'Transportation, communications and services': 0.5}",0.028604167
36,Sulfur dioxide,[ 42.627858 -73.751232],"{'Commercial and Services': 0.02, 'Residential': 0.02, 'Streams and canals': 0.09, 'Industrial': 0.295, 'Transportation, communications and services': 0.575}",0.017635798
37,Sulfur dioxide,[ 40.59664 -74.12525],"{'Commercial and Services': 0.31, 'Residential': 0.25, 'Deciduous forest land': 0.44}",0.013522975
38,Sulfur dioxide,[ 42.79901 -73.9389 ],"{'Commercial and Services': 0.21, 'Residential': 0.57, 'Transportation, communications and services': 0.22}",0.009149163
39,Sulfur dioxide,[ 44.722006 -75.455501],"{'Commercial and Services': 0.8037383177570093, 'Reservoirs': 0.102803738317757, 'Deciduous forest land': 0.06542056074766354, 'Residential': 0.028037383177570093}",0.019740557
40,Sulfur dioxide,[ 40.74529 -73.41919],"{'Industrial and commercial complexes': 0.5, 'Transportation, communications and services': 0.5}",0.010101633
41,Sulfur dioxide,[ 40.941766 -73.055107],"{'Commercial and Services': 0.24242424242424243, 'Residential': 0.7575757575757576}",0.01014125
42,Sulfur dioxide,[ 40.811766 -73.381508],"{'Commercial and Services': 0.1320754716981132, 'Residential': 0.5094339622641509, 'Other urban or built-up land': 0.1320754716981132, 'Transportation, communications and services': 0.22641509433962265}",0.01087681
43,Sulfur dioxide,[ 40.88732  -73.294004],"{'Residential': 0.8403361344537815, 'Deciduous forest land': 0.15966386554621848}",0.019082705
44,Sulfur dioxide,[ 40.928709 -73.326505],"{'Residential': 0.5968992248062015, 'Bays and estuaries': 0.17829457364341086, 'Nonforested wetland': 0.2248062015503876}",0.015296761
45,Sulfur dioxide,[ 40.829265 -73.287617],"{'Commercial and Services': 0.14, 'Residential': 0.67, 'Transportation, communications and services': 0.19}",0.006023537000000001
46,Sulfur dioxide,[ 40.898154 -73.084275],"{'Residential': 0.27, 'Deciduous forest land': 0.67, 'Transitional areas': 0.06}",0.025986341
47,Sulfur dioxide,[ 40.874265 -73.425954],"{'Commercial and Services': 0.5892857142857143, 'Residential': 0.4107142857142857}",0.017045894000000002
48,Sulfur dioxide,[ 40.916765 -73.087052],"{'Residential': 0.02, 'Industrial': 0.35, 'Deciduous forest land': 0.63}",0.013366625000000002
49,Sulfur dioxide,[ 43.316739 -73.62345 ],"{'Residential': 0.58, 'Cropland and pasture': 0.42}",0.010860205
50,Sulfur dioxide,[ 40.93149 -73.76575],"{'Commercial and Services': 0.4, 'Residential': 0.33, 'Other urban or built-up land': 0.04, 'Transportation, communications and services': 0.23}",0.009213509
51,Sulfur dioxide,[ 40.932321 -73.895969],"{'Commercial and Services': 0.2, 'Residential': 0.8}",0.009100845
52,Sulfur dioxide,[ 41.05192 -73.76366],"{'Commercial and Services': 0.13157894736842105, 'Residential': 0.2982456140350877, 'Deciduous forest land': 0.4473684210526316, 'Reservoirs': 0.12280701754385964}",0.00601217
0,Sulfur dioxide,[ 40.438958 -79.996997],"{'Commercial and Services': 0.7407407407407407, 'Streams and canals': 0.04938271604938271, 'Transportation, communications and services': 0.20987654320987653}",0.01426771
1,Sulfur dioxide,[ 40.41368  -79.941162],"{'Residential': 0.86, 'Industrial': 0.05, 'Deciduous forest land': 0.09}",0.009777778
2,Sulfur dioxide,[ 40.443367 -79.990293],"{'Commercial and Services': 0.53, 'Residential': 0.16, 'Transportation, communications and services': 0.31}",0.012984678
3,Sulfur dioxide,[ 40.323768 -79.868062],"{'Commercial and Services': 0.07317073170731707, 'Residential': 0.6260162601626016, 'Deciduous forest land': 0.11382113821138211, 'Mixed forest land': 0.18699186991869918}",0.0176426685
4,Sulfur dioxide,[ 40.547797 -79.757813],"{'Residential': 0.44, 'Industrial': 0.19, 'Deciduous forest land': 0.37}",0.0203166295
5,Sulfur dioxide,[ 40.610899 -79.74616 ],"{'Residential': 0.78, 'Deciduous forest land': 0.15, 'Other urban or built-up land': 0.07}",0.0204521055
6,Sulfur dioxide,[ 40.402328 -79.860973],"{'Commercial and Services': 0.29, 'Residential': 0.61, 'Deciduous forest land': 0.03, 'Industrial': 0.05, 'Other urban or built-up land': 0.02}",0.016759611
7,Sulfur dioxide,[ 40.3178   -79.890873],"{'Residential': 0.22, 'Streams and canals': 0.4, 'Industrial': 0.33, 'Mixed forest land': 0.02, 'Mixed urban or built-up land': 0.03}",0.012475554
8,Sulfur dioxide,[ 40.491409 -80.061711],"{'Commercial and Services': 0.2, 'Residential': 0.21, 'Streams and canals': 0.59}",0.016685237000000002
9,Sulfur dioxide,[ 40.499767 -80.071337],"{'Residential': 0.68, 'Streams and canals': 0.25, 'Industrial': 0.07}",0.01938248
10,Sulfur dioxide,[ 40.375644 -80.169943],"{'Commercial and Services': 0.17, 'Strip mines, quarries and gravel pits': 0.02, 'Deciduous forest land': 0.18, 'Cropland and pasture': 0.63}",0.016778658000000002
11,Sulfur dioxide,[ 40.635575 -80.230605],"{'Commercial and Services': 0.28, 'Residential': 0.39, 'Streams and canals': 0.33}",0.015891341
12,Sulfur dioxide,[ 40.747796 -80.316442],"{'Commercial and Services': 0.1, 'Residential': 0.2, 'Streams and canals': 0.17, 'Industrial': 0.44, 'Other urban or built-up land': 0.09}",0.009833518000000001
13,Sulfur dioxide,[ 40.635019 -80.444223],"{'Commercial and Services': 0.21, 'Residential': 0.36, 'Industrial': 0.12, 'Deciduous forest land': 0.31}",0.014481636
14,Sulfur dioxide,[ 40.320278 -75.926667],"{'Commercial and Services': 0.19, 'Residential': 0.4, 'Industrial': 0.08, 'Deciduous forest land': 0.33}",0.020516484
15,Sulfur dioxide,[ 40.535278 -78.370833],"{'Commercial and Services': 0.1292517006802721, 'Residential': 0.1292517006802721, 'Deciduous forest land': 0.6802721088435374, 'Other urban or built-up land': 0.047619047619047616, 'Transportation, communications and services': 0.013605442176870748}",0.010898235
16,Sulfur dioxide,[ 40.107222 -74.882222],"{'Commercial and Services': 0.27, 'Residential': 0.73}",0.013686863
17,Sulfur dioxide,[ 41.00557  -79.716976],{'Deciduous forest land': 1.0},0.011793498000000001
18,Sulfur dioxide,[ 40.309722 -78.915   ],"{'Residential': 0.4716981132075472, 'Deciduous forest land': 0.5283018867924528}",0.015773119
19,Sulfur dioxide,[ 40.246992 -76.846988],"{'Commercial and Services': 0.1557377049180328, 'Residential': 0.00819672131147541, 'Cropland and pasture': 0.8114754098360656, 'Transitional areas': 0.02459016393442623}",0.024155682
20,Sulfur dioxide,[ 39.835556 -75.3725  ],"{'Residential': 0.08, 'Streams and canals': 0.5, 'Industrial': 0.28, 'Transitional areas': 0.14}",0.00978221
21,Sulfur dioxide,[ 39.888903 -75.276004],"{'Commercial and Services': 0.01, 'Residential': 0.04, 'Streams and canals': 0.02, 'Industrial and commercial complexes': 0.54, 'Nonforested wetland': 0.39}",0.021790294
22,Sulfur dioxide,[ 42.139727 -80.046428],"{'Commercial and Services': 0.17, 'Residential': 0.56, 'Industrial': 0.24, 'Transportation, communications and services': 0.03}",0.018446598999999998
23,Sulfur dioxide,[ 41.442778 -75.623056],"{'Commercial and Services': 0.05, 'Residential': 0.33, 'Industrial': 0.41, 'Strip mines, quarries and gravel pits': 0.21}",0.014399415
24,Sulfur dioxide,[ 40.046667 -76.283333],"{'Commercial and Services': 0.44, 'Residential': 0.44, 'Other urban or built-up land': 0.12}",0.02404836
25,Sulfur dioxide,[ 40.995848 -80.346442],"{'Commercial and Services': 0.29, 'Residential': 0.07, 'Industrial': 0.64}",0.015702234
26,Sulfur dioxide,[ 40.618617 -75.448505],"{'Commercial and Services': 0.14, 'Residential': 0.41, 'Other urban or built-up land': 0.45}",0.016694182999999998
27,Sulfur dioxide,[ 41.237779 -75.89546 ],"{'Commercial and Services': 0.1, 'Residential': 0.71, 'Transportation, communications and services': 0.19}",0.041916114
28,Sulfur dioxide,[ 41.246394 -76.989941],"{'Commercial and Services': 0.37, 'Residential': 0.1, 'Streams and canals': 0.26, 'Industrial': 0.27}",0.016985464000000002
29,Sulfur dioxide,[ 41.246111 -76.989722],"{'Commercial and Services': 0.29, 'Residential': 0.15, 'Streams and canals': 0.29, 'Industrial': 0.27}",0.015560962
30,Sulfur dioxide,[ 40.112222 -75.309167],"{'Residential': 0.38317757009345793, 'Industrial': 0.14953271028037382, 'Other urban or built-up land': 0.06542056074766354, 'Transportation, communications and services': 0.16822429906542055, 'Cropland and pasture': 0.2336448598130841}",0.004689187000000001
31,Sulfur dioxide,[ 40.071956 -75.298782],"{'Residential': 0.24, 'Streams and canals': 0.34, 'Industrial': 0.31, 'Deciduous forest land': 0.11}",0.031836214
32,Sulfur dioxide,[ 40.620278 -75.363333],"{'Residential': 0.27, 'Industrial': 0.14, 'Other urban or built-up land': 0.59}",0.020960804
33,Sulfur dioxide,[ 40.676667 -75.216667],"{'Residential': 0.99, 'Industrial': 0.01}",0.007925231999999999
34,Sulfur dioxide,[ 40.688062 -75.491561],"{'Commercial and Services': 0.64, 'Residential': 0.28, 'Cropland and pasture': 0.08}",0.017037364
35,Sulfur dioxide,[ 40.456944 -77.165556],"{'Cropland and pasture': 0.49, 'Deciduous forest land': 0.51}",0.015038067000000004
36,Sulfur dioxide,[ 39.978333 -75.097222],"{'Streams and canals': 0.42, 'Industrial': 0.21, 'Transportation, communications and services': 0.37}",0.010541957
37,Sulfur dioxide,[ 39.885113 -75.230459],"{'Residential': 0.02, 'Industrial': 0.4, 'Nonforested wetland': 0.15, 'Transportation, communications and services': 0.43}",0.012201126
38,Sulfur dioxide,[ 39.91678  -75.188513],"{'Commercial and Services': 0.32, 'Residential': 0.06, 'Industrial': 0.16, 'Transportation, communications and services': 0.46}",0.014936429
39,Sulfur dioxide,[ 39.907891 -75.149066],"{'Commercial and Services': 0.07, 'Industrial and commercial complexes': 0.15, 'Transportation, communications and services': 0.38, 'Transitional areas': 0.16, 'Nonforested wetland': 0.24}",0.024385862
40,Sulfur dioxide,[ 39.94678  -75.163511],"{'Mixed urban or built-up land': 0.71, 'Residential': 0.29}",0.026319723
41,Sulfur dioxide,[ 39.957335 -75.172679],{'Mixed urban or built-up land': 1.0},0.011637172
42,Sulfur dioxide,[ 40.008889 -75.09778 ],"{'Commercial and Services': 0.65, 'Residential': 0.35}",0.00620996
43,Sulfur dioxide,[ 40.049616 -75.240822],"{'Commercial and Services': 0.01, 'Residential': 0.51, 'Deciduous forest land': 0.2, 'Cropland and pasture': 0.28}",0.016167578999999998
44,Sulfur dioxide,[ 40.002335 -75.219903],"{'Commercial and Services': 0.43859649122807015, 'Residential': 0.03508771929824561, 'Industrial': 0.3157894736842105, 'Reservoirs': 0.21052631578947367}",0.016910269
45,Sulfur dioxide,[ 40.0764   -75.011549],"{'Industrial and commercial complexes': 0.09, 'Transportation, communications and services': 0.91}",0.019874074
46,Sulfur dioxide,[ 40.010668 -75.151565],"{'Commercial and Services': 0.12, 'Residential': 0.86, 'Industrial': 0.02}",0.012128057
47,Sulfur dioxide,[ 40.146667 -79.902222],"{'Residential': 0.21, 'Streams and canals': 0.23, 'Industrial': 0.38, 'Deciduous forest land': 0.01, 'Transportation, communications and services': 0.17}",0.0036973920000000003
48,Sulfur dioxide,[ 40.165023 -79.862262],"{'Residential': 0.17, 'Streams and canals': 0.28, 'Industrial': 0.38, 'Deciduous forest land': 0.06, 'Transitional areas': 0.11}",0.010524107
49,Sulfur dioxide,[ 40.551686 -79.759757],"{'Commercial and Services': 0.2, 'Residential': 0.15, 'Streams and canals': 0.12, 'Industrial': 0.33, 'Deciduous forest land': 0.2}",0.011730128999999999
50,Sulfur dioxide,[ 39.965278 -76.699444],"{'Commercial and Services': 0.01, 'Residential': 0.57, 'Industrial': 0.42}",0.013447842000000002
0,Sulfur dioxide,[ 41.832322 -71.416445],"{'Commercial and Services': 0.3382352941176471, 'Residential': 0.14705882352941177, 'Industrial': 0.11764705882352941, 'Transportation, communications and services': 0.39705882352941174}",0.015483895
1,Sulfur dioxide,[ 41.825556 -71.405278],"{'Commercial and Services': 0.93, 'Residential': 0.05, 'Transportation, communications and services': 0.02}",0.013782157
2,Sulfur dioxide,[ 41.820933 -71.407557],"{'Commercial and Services': 0.72, 'Streams and canals': 0.04, 'Industrial': 0.12, 'Transportation, communications and services': 0.12}",0.013829321
